GapLength,Station,GapID,Date,TrueValue,PredictedValue
90,andhiyarkhore,1,1994-03-18,0.21,2.33719
90,andhiyarkhore,1,1994-03-19,0.185,2.5229899999999996
90,andhiyarkhore,1,1994-03-20,0.19,2.7327799999999995
90,andhiyarkhore,1,1994-03-21,0.193,2.65541
90,andhiyarkhore,1,1994-03-22,0.224,2.46112
90,andhiyarkhore,1,1994-03-23,0.219,2.50908
90,andhiyarkhore,1,1994-03-24,0.22,2.4975800000000006
90,andhiyarkhore,1,1994-03-25,0.211,2.2430999999999996
90,andhiyarkhore,1,1994-03-26,0.197,2.2218999999999993
90,andhiyarkhore,1,1994-03-27,0.2,2.0704599999999997
90,andhiyarkhore,1,1994-03-28,0.22,2.200779999999999
90,andhiyarkhore,1,1994-03-29,0.2,2.4646499999999993
90,andhiyarkhore,1,1994-03-30,0.18,2.2208299999999994
90,andhiyarkhore,1,1994-03-31,0.171,2.07061
90,andhiyarkhore,1,1994-04-01,0.19,1.8720299999999994
90,andhiyarkhore,1,1994-04-02,0.171,1.9571699999999999
90,andhiyarkhore,1,1994-04-03,0.17,1.9250299999999996
90,andhiyarkhore,1,1994-04-04,0.156,2.408209999999999
90,andhiyarkhore,1,1994-04-05,0.155,1.8529199999999992
90,andhiyarkhore,1,1994-04-06,0.174,1.9041299999999992
90,andhiyarkhore,1,1994-04-07,0.211,1.7989299999999993
90,andhiyarkhore,1,1994-04-08,0.242,2.070819999999999
90,andhiyarkhore,1,1994-04-09,0.295,2.0663799999999997
90,andhiyarkhore,1,1994-04-10,0.28,2.0575799999999997
90,andhiyarkhore,1,1994-04-11,0.297,1.8711799999999992
90,andhiyarkhore,1,1994-04-12,0.314,1.9820999999999993
90,andhiyarkhore,1,1994-04-13,0.267,1.8409599999999995
90,andhiyarkhore,1,1994-04-14,0.33,1.8771999999999998
90,andhiyarkhore,1,1994-04-15,0.333,2.1796599999999997
90,andhiyarkhore,1,1994-04-16,0.343,1.8218499999999995
90,andhiyarkhore,1,1994-04-17,0.34,2.3303499999999997
90,andhiyarkhore,1,1994-04-18,0.416,2.1185799999999992
90,andhiyarkhore,1,1994-04-19,0.317,2.076769999999999
90,andhiyarkhore,1,1994-04-20,0.32,2.0692499999999994
90,andhiyarkhore,1,1994-04-21,0.279,2.0469699999999995
90,andhiyarkhore,1,1994-04-22,0.445,1.8580399999999995
90,andhiyarkhore,1,1994-04-23,0.384,2.0174399999999992
90,andhiyarkhore,1,1994-04-24,0.4,2.015779999999999
90,andhiyarkhore,1,1994-04-25,0.379,2.1771499999999997
90,andhiyarkhore,1,1994-04-26,0.829,2.0015399999999994
90,andhiyarkhore,1,1994-04-27,0.231,2.1912699999999994
90,andhiyarkhore,1,1994-04-28,0.228,1.7077499999999992
90,andhiyarkhore,1,1994-04-29,0.251,1.8990199999999988
90,andhiyarkhore,1,1994-04-30,0.25,2.0092299999999987
90,andhiyarkhore,1,1994-05-01,0.29,1.8238299999999987
90,andhiyarkhore,1,1994-05-02,0.267,1.8416799999999987
90,andhiyarkhore,1,1994-05-03,0.274,2.0019799999999988
90,andhiyarkhore,1,1994-05-04,0.259,1.760529999999999
90,andhiyarkhore,1,1994-05-05,0.259,1.9803300000000001
90,andhiyarkhore,1,1994-05-06,0.251,2.10087
90,andhiyarkhore,1,1994-05-07,0.184,2.1879999999999997
90,andhiyarkhore,1,1994-05-08,0.18,2.1877
90,andhiyarkhore,1,1994-05-09,0.212,2.4578600000000006
90,andhiyarkhore,1,1994-05-10,0.196,2.54893
90,andhiyarkhore,1,1994-05-11,0.171,2.34491
90,andhiyarkhore,1,1994-05-12,0.158,2.34363
90,andhiyarkhore,1,1994-05-13,0.155,2.7178200000000006
90,andhiyarkhore,1,1994-05-14,0.168,2.54906
90,andhiyarkhore,1,1994-05-15,0.17,2.715800000000001
90,andhiyarkhore,1,1994-05-16,0.164,2.4029700000000003
90,andhiyarkhore,1,1994-05-17,0.164,2.613550000000001
90,andhiyarkhore,1,1994-05-18,0.152,2.2783300000000004
90,andhiyarkhore,1,1994-05-19,0.117,2.21312
90,andhiyarkhore,1,1994-05-20,0.12,2.2656900000000006
90,andhiyarkhore,1,1994-05-21,0.128,2.29999
90,andhiyarkhore,1,1994-05-22,0.13,2.2514300000000005
90,andhiyarkhore,1,1994-05-23,0.125,2.2005700000000004
90,andhiyarkhore,1,1994-05-24,0.14,2.257530000000001
90,andhiyarkhore,1,1994-05-25,0.17,2.3779700000000004
90,andhiyarkhore,1,1994-05-26,0.154,2.502730000000001
90,andhiyarkhore,1,1994-05-27,0.142,2.8847400000000003
90,andhiyarkhore,1,1994-05-28,0.202,2.56857
90,andhiyarkhore,1,1994-05-29,0.18,2.9064300000000007
90,andhiyarkhore,1,1994-05-30,1.038,2.9100400000000013
90,andhiyarkhore,1,1994-05-31,1.016,2.9050900000000013
90,andhiyarkhore,1,1994-06-01,0.653,3.733820000000002
90,andhiyarkhore,1,1994-06-02,0.594,3.732220000000002
90,andhiyarkhore,1,1994-06-03,0.581,3.7315200000000015
90,andhiyarkhore,1,1994-06-04,0.567,3.727030000000001
90,andhiyarkhore,1,1994-06-05,0.57,3.7472300000000014
90,andhiyarkhore,1,1994-06-06,0.57,3.262819999999999
90,andhiyarkhore,1,1994-06-07,0.573,3.3901200000000014
90,andhiyarkhore,1,1994-06-08,0.57,3.607090000000001
90,andhiyarkhore,1,1994-06-09,0.553,4.4771
90,andhiyarkhore,1,1994-06-10,0.544,4.281220000000001
90,andhiyarkhore,1,1994-06-11,0.263,4.60317
90,andhiyarkhore,1,1994-06-12,0.29,4.57132
90,andhiyarkhore,1,1994-06-13,1.161,4.644670000000001
90,andhiyarkhore,1,1994-06-14,7.01,5.24619
90,andhiyarkhore,1,1994-06-15,2.617,19.389489999999995
90,andhiyarkhore,1,1994-06-16,2.993,2.993
90,andhiyarkhore,2,1992-03-02,0.8,2.882349999999999
90,andhiyarkhore,2,1992-03-03,0.797,2.2737699999999994
90,andhiyarkhore,2,1992-03-04,0.78,1.887929999999999
90,andhiyarkhore,2,1992-03-05,0.737,1.899029999999999
90,andhiyarkhore,2,1992-03-06,0.695,1.8348699999999993
90,andhiyarkhore,2,1992-03-07,0.679,1.7920399999999992
90,andhiyarkhore,2,1992-03-08,0.7,1.7892999999999994
90,andhiyarkhore,2,1992-03-09,0.647,1.652579999999999
90,andhiyarkhore,2,1992-03-10,0.615,1.886009999999998
90,andhiyarkhore,2,1992-03-11,0.615,1.6800699999999993
90,andhiyarkhore,2,1992-03-12,0.645,1.8019899999999993
90,andhiyarkhore,2,1992-03-13,0.499,1.8118899999999991
90,andhiyarkhore,2,1992-03-14,0.487,1.7713199999999996
90,andhiyarkhore,2,1992-03-15,0.45,1.924989999999999
90,andhiyarkhore,2,1992-03-16,0.545,2.0848
90,andhiyarkhore,2,1992-03-17,0.546,2.44515
90,andhiyarkhore,2,1992-03-18,0.69,2.4300999999999995
90,andhiyarkhore,2,1992-03-19,0.6,1.9999599999999997
90,andhiyarkhore,2,1992-03-20,0.536,1.906179999999999
90,andhiyarkhore,2,1992-03-21,0.449,1.799129999999999
90,andhiyarkhore,2,1992-03-22,0.42,1.6498199999999994
90,andhiyarkhore,2,1992-03-23,0.42,1.7472299999999996
90,andhiyarkhore,2,1992-03-24,0.93,2.0115
90,andhiyarkhore,2,1992-03-25,0.404,2.558170000000001
90,andhiyarkhore,2,1992-03-26,0.394,2.5884600000000004
90,andhiyarkhore,2,1992-03-27,0.367,2.34232
90,andhiyarkhore,2,1992-03-28,0.355,1.9613999999999994
90,andhiyarkhore,2,1992-03-29,0.39,1.7881499999999995
90,andhiyarkhore,2,1992-03-30,0.388,1.9473399999999992
90,andhiyarkhore,2,1992-03-31,0.444,1.7902599999999986
90,andhiyarkhore,2,1992-04-01,0.462,1.8241799999999995
90,andhiyarkhore,2,1992-04-02,0.635,1.8524599999999989
90,andhiyarkhore,2,1992-04-03,0.646,2.0812099999999996
90,andhiyarkhore,2,1992-04-04,0.459,1.9139999999999995
90,andhiyarkhore,2,1992-04-05,0.48,1.8333899999999992
90,andhiyarkhore,2,1992-04-06,0.363,2.0161599999999997
90,andhiyarkhore,2,1992-04-07,0.345,1.9916499999999997
90,andhiyarkhore,2,1992-04-08,0.393,2.121889999999999
90,andhiyarkhore,2,1992-04-09,0.371,2.1852299999999993
90,andhiyarkhore,2,1992-04-10,0.252,1.9824499999999992
90,andhiyarkhore,2,1992-04-11,0.455,1.7130099999999997
90,andhiyarkhore,2,1992-04-12,0.46,1.7138599999999988
90,andhiyarkhore,2,1992-04-13,0.457,1.4535899999999993
90,andhiyarkhore,2,1992-04-14,0.294,1.574019999999999
90,andhiyarkhore,2,1992-04-15,0.6,1.5133099999999997
90,andhiyarkhore,2,1992-04-16,0.397,1.3411
90,andhiyarkhore,2,1992-04-17,0.39,1.3680499999999998
90,andhiyarkhore,2,1992-04-18,0.282,1.2941299999999998
90,andhiyarkhore,2,1992-04-19,0.4,1.44791
90,andhiyarkhore,2,1992-04-20,0.268,1.2763599999999997
90,andhiyarkhore,2,1992-04-21,0.213,1.19133
90,andhiyarkhore,2,1992-04-22,0.23,1.2277300000000004
90,andhiyarkhore,2,1992-04-23,0.233,1.3346100000000005
90,andhiyarkhore,2,1992-04-24,0.224,1.31189
90,andhiyarkhore,2,1992-04-25,0.498,1.24323
90,andhiyarkhore,2,1992-04-26,0.5,1.3780599999999996
90,andhiyarkhore,2,1992-04-27,0.435,1.1660699999999997
90,andhiyarkhore,2,1992-04-28,0.423,1.1607099999999995
90,andhiyarkhore,2,1992-04-29,0.365,1.4657099999999996
90,andhiyarkhore,2,1992-04-30,0.398,1.3024899999999997
90,andhiyarkhore,2,1992-05-01,0.368,1.3067999999999995
90,andhiyarkhore,2,1992-05-02,0.33,1.0454899999999996
90,andhiyarkhore,2,1992-05-03,0.3,1.159449999999999
90,andhiyarkhore,2,1992-05-04,0.259,1.037719999999999
90,andhiyarkhore,2,1992-05-05,0.268,1.1095699999999993
90,andhiyarkhore,2,1992-05-06,0.26,1.125959999999999
90,andhiyarkhore,2,1992-05-07,0.241,1.059339999999999
90,andhiyarkhore,2,1992-05-08,0.215,1.0427599999999995
90,andhiyarkhore,2,1992-05-09,0.24,1.0020099999999994
90,andhiyarkhore,2,1992-05-10,0.24,1.0653799999999993
90,andhiyarkhore,2,1992-05-11,0.221,0.9499799999999994
90,andhiyarkhore,2,1992-05-12,0.237,0.9458499999999997
90,andhiyarkhore,2,1992-05-13,0.217,0.8003799999999999
90,andhiyarkhore,2,1992-05-14,0.205,0.8402399999999998
90,andhiyarkhore,2,1992-05-15,0.216,0.8466699999999997
90,andhiyarkhore,2,1992-05-16,0.22,1.1802899999999998
90,andhiyarkhore,2,1992-05-17,0.22,1.1625799999999997
90,andhiyarkhore,2,1992-05-18,0.186,1.1648899999999995
90,andhiyarkhore,2,1992-05-19,0.218,1.2727799999999994
90,andhiyarkhore,2,1992-05-20,0.194,1.1558199999999996
90,andhiyarkhore,2,1992-05-21,0.177,1.2363899999999994
90,andhiyarkhore,2,1992-05-22,0.175,1.2257699999999994
90,andhiyarkhore,2,1992-05-23,0.16,0.9017499999999997
90,andhiyarkhore,2,1992-05-24,0.18,1.2862199999999995
90,andhiyarkhore,2,1992-05-25,0.148,1.4824499999999994
90,andhiyarkhore,2,1992-05-26,0.15,1.3234399999999997
90,andhiyarkhore,2,1992-05-27,0.153,1.32716
90,andhiyarkhore,2,1992-05-28,0.151,1.2247099999999995
90,andhiyarkhore,2,1992-05-29,0.201,1.1932799999999997
90,andhiyarkhore,2,1992-05-30,0.189,1.4125699999999994
90,andhiyarkhore,2,1992-05-31,0.2,0.2
90,andhiyarkhore,3,1992-09-01,7.099,16.212970000000002
90,andhiyarkhore,3,1992-09-02,5.817,16.797560000000004
90,andhiyarkhore,3,1992-09-03,7.817,13.765910000000003
90,andhiyarkhore,3,1992-09-04,6.918,14.756389999999996
90,andhiyarkhore,3,1992-09-05,29.91,23.66851999999999
90,andhiyarkhore,3,1992-09-06,22.0,51.73093
90,andhiyarkhore,3,1992-09-07,81.0,48.39279
90,andhiyarkhore,3,1992-09-08,45.17,63.42360999999997
90,andhiyarkhore,3,1992-09-09,29.16,66.42420999999999
90,andhiyarkhore,3,1992-09-10,25.0,83.95686999999998
90,andhiyarkhore,3,1992-09-11,80.4,94.78434000000004
90,andhiyarkhore,3,1992-09-12,78.8,76.33414999999997
90,andhiyarkhore,3,1992-09-13,35.0,53.22608000000002
90,andhiyarkhore,3,1992-09-14,20.43,35.03806
90,andhiyarkhore,3,1992-09-15,14.9,26.47364
90,andhiyarkhore,3,1992-09-16,15.53,25.36367
90,andhiyarkhore,3,1992-09-17,11.52,23.9368
90,andhiyarkhore,3,1992-09-18,8.389,18.150169999999996
90,andhiyarkhore,3,1992-09-19,6.82,16.061120000000003
90,andhiyarkhore,3,1992-09-20,4.77,10.294499999999994
90,andhiyarkhore,3,1992-09-21,4.67,8.188939999999995
90,andhiyarkhore,3,1992-09-22,3.849,6.463759999999996
90,andhiyarkhore,3,1992-09-23,3.423,7.53553999999999
90,andhiyarkhore,3,1992-09-24,3.162,4.280910000000003
90,andhiyarkhore,3,1992-09-25,2.68,4.117900000000001
90,andhiyarkhore,3,1992-09-26,2.702,3.871650000000002
90,andhiyarkhore,3,1992-09-27,1.88,3.9469700000000016
90,andhiyarkhore,3,1992-09-28,1.867,3.8768500000000023
90,andhiyarkhore,3,1992-09-29,1.756,3.5866000000000016
90,andhiyarkhore,3,1992-09-30,1.704,3.8078500000000015
90,andhiyarkhore,3,1992-10-01,1.675,4.221020000000003
90,andhiyarkhore,3,1992-10-02,1.19,3.8242900000000026
90,andhiyarkhore,3,1992-10-03,1.178,3.768030000000002
90,andhiyarkhore,3,1992-10-04,1.13,3.961240000000002
90,andhiyarkhore,3,1992-10-05,1.131,4.038510000000001
90,andhiyarkhore,3,1992-10-06,1.1,3.8532200000000008
90,andhiyarkhore,3,1992-10-07,1.075,4.277450000000002
90,andhiyarkhore,3,1992-10-08,0.845,4.308110000000001
90,andhiyarkhore,3,1992-10-09,0.833,4.269570000000001
90,andhiyarkhore,3,1992-10-10,0.831,4.095020000000001
90,andhiyarkhore,3,1992-10-11,0.85,4.097520000000001
90,andhiyarkhore,3,1992-10-12,2.421,3.6314400000000018
90,andhiyarkhore,3,1992-10-13,7.358,4.299250000000002
90,andhiyarkhore,3,1992-10-14,5.57,3.6434300000000017
90,andhiyarkhore,3,1992-10-15,2.325,3.819150000000002
90,andhiyarkhore,3,1992-10-16,1.535,4.06069
90,andhiyarkhore,3,1992-10-17,1.309,4.5184500000000005
90,andhiyarkhore,3,1992-10-18,1.0,4.15831
90,andhiyarkhore,3,1992-10-19,0.893,4.296430000000001
90,andhiyarkhore,3,1992-10-20,0.974,4.4147300000000005
90,andhiyarkhore,3,1992-10-21,0.935,4.064120000000002
90,andhiyarkhore,3,1992-10-22,0.93,4.1253400000000005
90,andhiyarkhore,3,1992-10-23,0.932,4.424120000000001
90,andhiyarkhore,3,1992-10-24,0.955,4.458140000000001
90,andhiyarkhore,3,1992-10-25,0.95,4.337170000000001
90,andhiyarkhore,3,1992-10-26,0.916,4.588050000000001
90,andhiyarkhore,3,1992-10-27,1.013,4.567550000000001
90,andhiyarkhore,3,1992-10-28,0.944,4.33642
90,andhiyarkhore,3,1992-10-29,0.927,4.2137100000000025
90,andhiyarkhore,3,1992-10-30,0.912,4.0912500000000005
90,andhiyarkhore,3,1992-10-31,0.909,4.060140000000001
90,andhiyarkhore,3,1992-11-01,1.0,4.034360000000001
90,andhiyarkhore,3,1992-11-02,0.911,3.713760000000002
90,andhiyarkhore,3,1992-11-03,0.992,4.144170000000002
90,andhiyarkhore,3,1992-11-04,0.955,3.6956800000000016
90,andhiyarkhore,3,1992-11-05,0.929,3.33734
90,andhiyarkhore,3,1992-11-06,1.006,3.1862400000000006
90,andhiyarkhore,3,1992-11-07,0.975,3.0538200000000004
90,andhiyarkhore,3,1992-11-08,0.97,2.9767000000000006
90,andhiyarkhore,3,1992-11-09,0.891,3.3332800000000007
90,andhiyarkhore,3,1992-11-10,0.85,3.3517900000000016
90,andhiyarkhore,3,1992-11-11,0.856,3.192880000000001
90,andhiyarkhore,3,1992-11-12,0.882,3.7274400000000028
90,andhiyarkhore,3,1992-11-13,0.986,3.703380000000001
90,andhiyarkhore,3,1992-11-14,0.763,3.8499300000000005
90,andhiyarkhore,3,1992-11-15,1.0,3.778990000000001
90,andhiyarkhore,3,1992-11-16,1.008,3.544120000000001
90,andhiyarkhore,3,1992-11-17,0.926,3.6583200000000016
90,andhiyarkhore,3,1992-11-18,1.233,3.591830000000001
90,andhiyarkhore,3,1992-11-19,1.912,3.468970000000001
90,andhiyarkhore,3,1992-11-20,1.635,3.661520000000002
90,andhiyarkhore,3,1992-11-21,1.391,3.7299200000000026
90,andhiyarkhore,3,1992-11-22,1.28,3.6993200000000015
90,andhiyarkhore,3,1992-11-23,1.322,3.739620000000001
90,andhiyarkhore,3,1992-11-24,1.409,4.205720000000002
90,andhiyarkhore,3,1992-11-25,2.13,3.844100000000001
90,andhiyarkhore,3,1992-11-26,2.513,3.6570000000000005
90,andhiyarkhore,3,1992-11-27,2.127,3.4972900000000005
90,andhiyarkhore,3,1992-11-28,1.89,3.338330000000002
90,andhiyarkhore,3,1992-11-29,1.89,3.3428100000000005
90,andhiyarkhore,3,1992-11-30,1.962,1.962
90,bamnidhi,1,1990-01-07,22.0,10.683269999999995
90,bamnidhi,1,1990-01-08,9.23,10.014579999999995
90,bamnidhi,1,1990-01-09,7.782,10.667729999999999
90,bamnidhi,1,1990-01-10,8.073,9.77625
90,bamnidhi,1,1990-01-11,7.832,9.66205
90,bamnidhi,1,1990-01-12,7.98,8.906369999999999
90,bamnidhi,1,1990-01-13,7.825,8.817720000000003
90,bamnidhi,1,1990-01-14,7.8,8.676690000000002
90,bamnidhi,1,1990-01-15,7.005,8.779720000000003
90,bamnidhi,1,1990-01-16,6.59,8.157340000000003
90,bamnidhi,1,1990-01-17,5.936,8.411110000000004
90,bamnidhi,1,1990-01-18,7.116,7.717130000000002
90,bamnidhi,1,1990-01-19,6.579,7.623430000000002
90,bamnidhi,1,1990-01-20,5.997,7.668020000000002
90,bamnidhi,1,1990-01-21,5.8,7.719160000000004
90,bamnidhi,1,1990-01-22,6.185,7.025369999999999
90,bamnidhi,1,1990-01-23,6.357,6.737500000000001
90,bamnidhi,1,1990-01-24,6.462,6.838640000000001
90,bamnidhi,1,1990-01-25,6.897,6.865370000000002
90,bamnidhi,1,1990-01-26,6.4,6.747570000000003
90,bamnidhi,1,1990-01-27,6.642,7.0696600000000025
90,bamnidhi,1,1990-01-28,6.7,6.992890000000002
90,bamnidhi,1,1990-01-29,6.793,6.28366
90,bamnidhi,1,1990-01-30,6.474,6.3969000000000005
90,bamnidhi,1,1990-01-31,6.657,6.223560000000001
90,bamnidhi,1,1990-02-01,6.555,6.57321
90,bamnidhi,1,1990-02-02,6.588,6.091170000000002
90,bamnidhi,1,1990-02-03,6.381,6.383190000000002
90,bamnidhi,1,1990-02-04,6.3,6.40179
90,bamnidhi,1,1990-02-05,6.621,6.341260000000001
90,bamnidhi,1,1990-02-06,6.575,6.156859999999999
90,bamnidhi,1,1990-02-07,6.486,6.01951
90,bamnidhi,1,1990-02-08,6.361,6.35491
90,bamnidhi,1,1990-02-09,6.037,6.450300000000002
90,bamnidhi,1,1990-02-10,6.03,6.4464
90,bamnidhi,1,1990-02-11,6.0,6.4962599999999995
90,bamnidhi,1,1990-02-12,7.972,6.527360000000001
90,bamnidhi,1,1990-02-13,7.872,6.49456
90,bamnidhi,1,1990-02-14,8.825,6.766680000000001
90,bamnidhi,1,1990-02-15,9.688,8.89366
90,bamnidhi,1,1990-02-16,12.59,9.558750000000002
90,bamnidhi,1,1990-02-17,8.861,9.871690000000001
90,bamnidhi,1,1990-02-18,7.5,9.00079
90,bamnidhi,1,1990-02-19,7.206,9.787340000000002
90,bamnidhi,1,1990-02-20,7.031,9.256640000000003
90,bamnidhi,1,1990-02-21,24.18,9.532680000000003
90,bamnidhi,1,1990-02-22,14.52,11.008680000000004
90,bamnidhi,1,1990-02-23,19.31,10.512380000000002
90,bamnidhi,1,1990-02-24,19.02,10.817010000000005
90,bamnidhi,1,1990-02-25,19.0,10.573400000000003
90,bamnidhi,1,1990-02-26,18.21,10.44241
90,bamnidhi,1,1990-02-27,11.0,9.618080000000003
90,bamnidhi,1,1990-02-28,7.547,6.482459999999998
90,bamnidhi,1,1990-03-01,15.53,6.11986
90,bamnidhi,1,1990-03-02,17.28,8.627820000000002
90,bamnidhi,1,1990-03-03,23.28,9.425200000000004
90,bamnidhi,1,1990-03-04,11.0,8.6463
90,bamnidhi,1,1990-03-05,8.385,6.03574
90,bamnidhi,1,1990-03-06,6.747,5.901579999999999
90,bamnidhi,1,1990-03-07,6.211,6.030309999999998
90,bamnidhi,1,1990-03-08,5.575,5.84722
90,bamnidhi,1,1990-03-09,5.48,6.34512
90,bamnidhi,1,1990-03-10,15.83,5.887229999999999
90,bamnidhi,1,1990-03-11,9.0,6.39933
90,bamnidhi,1,1990-03-12,11.0,6.373830000000001
90,bamnidhi,1,1990-03-13,5.705,6.929490000000002
90,bamnidhi,1,1990-03-14,5.763,6.883230000000001
90,bamnidhi,1,1990-03-15,5.442,6.257929999999998
90,bamnidhi,1,1990-03-16,4.982,6.20059
90,bamnidhi,1,1990-03-17,6.379,5.723719999999999
90,bamnidhi,1,1990-03-18,6.4,5.527420000000001
90,bamnidhi,1,1990-03-19,5.042,5.615690000000001
90,bamnidhi,1,1990-03-20,5.7,5.4823200000000005
90,bamnidhi,1,1990-03-21,13.1,5.800159999999998
90,bamnidhi,1,1990-03-22,16.04,5.639550000000001
90,bamnidhi,1,1990-03-23,14.18,5.65695
90,bamnidhi,1,1990-03-24,13.1,5.56571
90,bamnidhi,1,1990-03-25,13.0,5.48913
90,bamnidhi,1,1990-03-26,14.87,5.61597
90,bamnidhi,1,1990-03-27,14.74,5.110149999999999
90,bamnidhi,1,1990-03-28,13.5,5.613070000000001
90,bamnidhi,1,1990-03-29,14.93,5.324599999999999
90,bamnidhi,1,1990-03-30,15.84,5.265739999999999
90,bamnidhi,1,1990-03-31,16.5,5.7568399999999995
90,bamnidhi,1,1990-04-01,20.7,4.72311
90,bamnidhi,1,1990-04-02,7.689,4.7154
90,bamnidhi,1,1990-04-03,5.062,4.8733900000000006
90,bamnidhi,1,1990-04-04,11.32,4.47994
90,bamnidhi,1,1990-04-05,14.88,4.326429999999999
90,bamnidhi,1,1990-04-06,14.81,4.56615
90,bamnidhi,1,1990-04-07,12.0,12.0
90,bamnidhi,2,1992-08-14,91.63,325.81080000000014
90,bamnidhi,2,1992-08-15,52.0,403.0825000000001
90,bamnidhi,2,1992-08-16,80.0,397.42670000000015
90,bamnidhi,2,1992-08-17,133.3,417.9536
90,bamnidhi,2,1992-08-18,249.0,655.6779999999999
90,bamnidhi,2,1992-08-19,606.1,697.7916
90,bamnidhi,2,1992-08-20,758.9,1801.9106000000002
90,bamnidhi,2,1992-08-21,750.0,2138.6114000000002
90,bamnidhi,2,1992-08-22,290.2,1182.4554
90,bamnidhi,2,1992-08-23,135.0,556.9820999999997
90,bamnidhi,2,1992-08-24,110.8,497.5700999999998
90,bamnidhi,2,1992-08-25,80.31,378.39160000000004
90,bamnidhi,2,1992-08-26,374.5,433.2745
90,bamnidhi,2,1992-08-27,261.8,435.0885
90,bamnidhi,2,1992-08-28,168.7,455.6422
90,bamnidhi,2,1992-08-29,136.8,302.0626
90,bamnidhi,2,1992-08-30,165.0,289.63699999999994
90,bamnidhi,2,1992-08-31,110.9,265.8335999999999
90,bamnidhi,2,1992-09-01,77.0,204.61090000000004
90,bamnidhi,2,1992-09-02,60.8,147.39880000000005
90,bamnidhi,2,1992-09-03,141.6,172.60970000000006
90,bamnidhi,2,1992-09-04,133.1,314.82490000000007
90,bamnidhi,2,1992-09-05,356.8,472.17439999999993
90,bamnidhi,2,1992-09-06,295.0,441.47490000000005
90,bamnidhi,2,1992-09-07,401.0,464.4513000000001
90,bamnidhi,2,1992-09-08,475.3,506.2805000000002
90,bamnidhi,2,1992-09-09,650.2,904.2892000000004
90,bamnidhi,2,1992-09-10,600.0,1265.1948000000007
90,bamnidhi,2,1992-09-11,725.0,1423.286700000001
90,bamnidhi,2,1992-09-12,360.6,1099.9084000000007
90,bamnidhi,2,1992-09-13,220.0,773.8815999999997
90,bamnidhi,2,1992-09-14,188.8,479.2177000000001
90,bamnidhi,2,1992-09-15,130.7,361.37499999999994
90,bamnidhi,2,1992-09-16,121.4,230.58250000000004
90,bamnidhi,2,1992-09-17,116.6,236.19499999999996
90,bamnidhi,2,1992-09-18,98.21,123.18899999999998
90,bamnidhi,2,1992-09-19,70.53,102.53699999999999
90,bamnidhi,2,1992-09-20,55.0,109.27440000000003
90,bamnidhi,2,1992-09-21,47.18,78.80849999999998
90,bamnidhi,2,1992-09-22,42.81,67.42491
90,bamnidhi,2,1992-09-23,35.28,49.72290999999996
90,bamnidhi,2,1992-09-24,33.48,44.372299999999996
90,bamnidhi,2,1992-09-25,28.94,41.9028
90,bamnidhi,2,1992-09-26,25.75,41.8588
90,bamnidhi,2,1992-09-27,35.0,38.46409999999999
90,bamnidhi,2,1992-09-28,27.95,33.539799999999985
90,bamnidhi,2,1992-09-29,26.75,33.6212
90,bamnidhi,2,1992-09-30,29.12,32.52785
90,bamnidhi,2,1992-10-01,24.46,29.927899999999994
90,bamnidhi,2,1992-10-02,20.0,29.6227
90,bamnidhi,2,1992-10-03,28.88,26.291600000000006
90,bamnidhi,2,1992-10-04,32.0,25.582100000000004
90,bamnidhi,2,1992-10-05,25.64,25.468600000000006
90,bamnidhi,2,1992-10-06,24.0,24.466500000000007
90,bamnidhi,2,1992-10-07,27.96,24.82560000000001
90,bamnidhi,2,1992-10-08,31.06,24.277500000000003
90,bamnidhi,2,1992-10-09,27.39,25.129700000000007
90,bamnidhi,2,1992-10-10,25.56,23.236000000000008
90,bamnidhi,2,1992-10-11,25.0,23.589200000000005
90,bamnidhi,2,1992-10-12,35.35,26.318400000000008
90,bamnidhi,2,1992-10-13,27.14,27.550800000000002
90,bamnidhi,2,1992-10-14,24.73,26.1479
90,bamnidhi,2,1992-10-15,26.01,26.887299999999996
90,bamnidhi,2,1992-10-16,23.6,27.250799999999998
90,bamnidhi,2,1992-10-17,18.53,27.851399999999998
90,bamnidhi,2,1992-10-18,15.0,25.920600000000007
90,bamnidhi,2,1992-10-19,27.37,24.549400000000006
90,bamnidhi,2,1992-10-20,23.53,22.105400000000003
90,bamnidhi,2,1992-10-21,21.57,21.404300000000003
90,bamnidhi,2,1992-10-22,26.86,22.751800000000003
90,bamnidhi,2,1992-10-23,25.62,21.476100000000006
90,bamnidhi,2,1992-10-24,23.71,21.477900000000005
90,bamnidhi,2,1992-10-25,25.0,21.6611
90,bamnidhi,2,1992-10-26,28.64,22.160700000000006
90,bamnidhi,2,1992-10-27,29.56,21.49360000000001
90,bamnidhi,2,1992-10-28,28.58,21.44960000000001
90,bamnidhi,2,1992-10-29,27.78,21.768800000000006
90,bamnidhi,2,1992-10-30,36.77,20.8356
90,bamnidhi,2,1992-10-31,29.23,19.909400000000005
90,bamnidhi,2,1992-11-01,25.0,20.837000000000007
90,bamnidhi,2,1992-11-02,46.1,21.446100000000005
90,bamnidhi,2,1992-11-03,80.54,20.83498000000001
90,bamnidhi,2,1992-11-04,65.04,26.655899999999992
90,bamnidhi,2,1992-11-05,44.68,27.432199999999987
90,bamnidhi,2,1992-11-06,70.63,20.639220000000005
90,bamnidhi,2,1992-11-07,111.2,20.094520000000003
90,bamnidhi,2,1992-11-08,100.0,19.938800000000004
90,bamnidhi,2,1992-11-09,97.92,19.531180000000003
90,bamnidhi,2,1992-11-10,100.0,19.492479999999997
90,bamnidhi,2,1992-11-11,96.7,19.308680000000003
90,bamnidhi,2,1992-11-12,89.45,89.45
90,bamnidhi,3,1992-12-06,125.0,18.396780000000007
90,bamnidhi,3,1992-12-07,151.9,20.050560000000008
90,bamnidhi,3,1992-12-08,140.9,19.56811
90,bamnidhi,3,1992-12-09,162.4,16.543550000000007
90,bamnidhi,3,1992-12-10,157.3,16.922200000000007
90,bamnidhi,3,1992-12-11,154.6,16.83359
90,bamnidhi,3,1992-12-12,162.1,17.624789999999997
90,bamnidhi,3,1992-12-13,140.0,17.554730000000003
90,bamnidhi,3,1992-12-14,163.9,18.670030000000008
90,bamnidhi,3,1992-12-15,157.0,18.484290000000005
90,bamnidhi,3,1992-12-16,189.0,18.070880000000002
90,bamnidhi,3,1992-12-17,168.1,18.97881
90,bamnidhi,3,1992-12-18,184.6,22.253950000000003
90,bamnidhi,3,1992-12-19,169.6,24.72742000000001
90,bamnidhi,3,1992-12-20,130.0,23.45897
90,bamnidhi,3,1992-12-21,158.7,19.8398
90,bamnidhi,3,1992-12-22,148.0,20.782369999999997
90,bamnidhi,3,1992-12-23,166.5,22.663179999999997
90,bamnidhi,3,1992-12-24,179.6,20.688290000000006
90,bamnidhi,3,1992-12-25,165.0,21.317230000000006
90,bamnidhi,3,1992-12-26,159.9,21.006410000000006
90,bamnidhi,3,1992-12-27,135.0,21.352150000000005
90,bamnidhi,3,1992-12-28,145.1,22.98803999999999
90,bamnidhi,3,1992-12-29,132.0,19.590290000000007
90,bamnidhi,3,1992-12-30,131.8,16.603040000000007
90,bamnidhi,3,1992-12-31,123.9,18.405620000000006
90,bamnidhi,3,1993-01-01,143.2,15.966920000000002
90,bamnidhi,3,1993-01-02,129.5,16.093920000000004
90,bamnidhi,3,1993-01-03,115.0,15.560370000000004
90,bamnidhi,3,1993-01-04,139.3,15.659370000000008
90,bamnidhi,3,1993-01-05,118.0,16.797840000000004
90,bamnidhi,3,1993-01-06,160.3,16.87520000000001
90,bamnidhi,3,1993-01-07,106.4,13.94146
90,bamnidhi,3,1993-01-08,106.9,15.846500000000008
90,bamnidhi,3,1993-01-09,173.1,19.290100000000006
90,bamnidhi,3,1993-01-10,130.0,18.88820000000001
90,bamnidhi,3,1993-01-11,175.8,21.076450000000005
90,bamnidhi,3,1993-01-12,165.5,15.695100000000004
90,bamnidhi,3,1993-01-13,151.1,20.47715
90,bamnidhi,3,1993-01-14,58.15,19.221400000000003
90,bamnidhi,3,1993-01-15,69.86,13.095100000000002
90,bamnidhi,3,1993-01-16,54.34,14.418899999999999
90,bamnidhi,3,1993-01-17,50.0,14.292060000000001
90,bamnidhi,3,1993-01-18,65.77,13.819930000000005
90,bamnidhi,3,1993-01-19,59.78,13.522030000000003
90,bamnidhi,3,1993-01-20,47.39,13.49866
90,bamnidhi,3,1993-01-21,64.21,13.479420000000003
90,bamnidhi,3,1993-01-22,39.16,16.23269
90,bamnidhi,3,1993-01-23,60.63,16.190620000000003
90,bamnidhi,3,1993-01-24,56.0,16.22936
90,bamnidhi,3,1993-01-25,63.46,14.501950000000004
90,bamnidhi,3,1993-01-26,57.0,14.680260000000006
90,bamnidhi,3,1993-01-27,49.5,13.225500000000004
90,bamnidhi,3,1993-01-28,31.8,11.909650000000005
90,bamnidhi,3,1993-01-29,57.6,12.93121
90,bamnidhi,3,1993-01-30,37.6,13.244369999999998
90,bamnidhi,3,1993-01-31,48.0,12.562150000000004
90,bamnidhi,3,1993-02-01,35.98,13.5989
90,bamnidhi,3,1993-02-02,58.64,13.316530000000002
90,bamnidhi,3,1993-02-03,56.96,12.993470000000002
90,bamnidhi,3,1993-02-04,44.62,12.836360000000003
90,bamnidhi,3,1993-02-05,32.29,12.280370000000003
90,bamnidhi,3,1993-02-06,44.6,13.16346
90,bamnidhi,3,1993-02-07,42.0,13.698709999999998
90,bamnidhi,3,1993-02-08,42.47,13.92442
90,bamnidhi,3,1993-02-09,45.07,13.85766
90,bamnidhi,3,1993-02-10,52.66,14.421560000000001
90,bamnidhi,3,1993-02-11,48.01,13.59586
90,bamnidhi,3,1993-02-12,66.93,13.30057
90,bamnidhi,3,1993-02-13,22.54,10.610960000000002
90,bamnidhi,3,1993-02-14,11.0,10.879259999999999
90,bamnidhi,3,1993-02-15,23.11,9.367439999999998
90,bamnidhi,3,1993-02-16,24.45,9.857839999999998
90,bamnidhi,3,1993-02-17,21.09,9.81364
90,bamnidhi,3,1993-02-18,25.33,10.04786
90,bamnidhi,3,1993-02-19,18.23,11.39719
90,bamnidhi,3,1993-02-20,18.17,10.607120000000004
90,bamnidhi,3,1993-02-21,18.0,10.093020000000003
90,bamnidhi,3,1993-02-22,18.1,9.726150000000006
90,bamnidhi,3,1993-02-23,18.12,9.499670000000007
90,bamnidhi,3,1993-02-24,20.15,10.061540000000006
90,bamnidhi,3,1993-02-25,14.65,10.634930000000006
90,bamnidhi,3,1993-02-26,12.94,9.796530000000006
90,bamnidhi,3,1993-02-27,12.69,9.200530000000004
90,bamnidhi,3,1993-02-28,12.5,7.586170000000003
90,bamnidhi,3,1993-03-01,20.81,8.432640000000003
90,bamnidhi,3,1993-03-02,20.68,10.160020000000005
90,bamnidhi,3,1993-03-03,18.79,10.152550000000003
90,bamnidhi,3,1993-03-04,14.79,10.232550000000002
90,bamnidhi,3,1993-03-05,16.5,10.534150000000002
90,bamnidhi,3,1993-03-06,15.15,15.15
